Date & Time,House overall [kW],forecast
2014-11-07 10:00:00,0.923506667,0.77975875
2014-11-07 11:00:00,0.578250555,0.9271027
2014-11-07 12:00:00,0.473563333,0.7554612
2014-11-07 13:00:00,0.511152778,0.668223
2014-11-07 14:00:00,0.956069445,0.68838584
2014-11-07 15:00:00,0.749621667,0.96995676
2014-11-07 16:00:00,1.775205555,0.9067105
2014-11-07 17:00:00,2.421425,1.5057359
2014-11-07 18:00:00,1.799438334,1.9575111
2014-11-07 19:00:00,1.651558888,1.667404
2014-11-07 20:00:00,1.385817222,1.5608494
2014-11-07 21:00:00,2.332924445,1.4088162
2014-11-07 22:00:00,1.644333889,1.9881071
2014-11-07 23:00:00,0.6333916669999999,1.5845678
2014-11-08 00:00:00,1.62361,0.89846754
2014-11-08 01:00:00,1.526049445,1.3996483
2014-11-08 02:00:00,1.480048889,1.4462209
2014-11-08 03:00:00,1.608774445,1.438641
2014-11-08 04:00:00,1.547928334,1.5428704
2014-11-08 05:00:00,1.820113334,1.5335962
2014-11-08 06:00:00,1.668576666,1.7023364
2014-11-08 07:00:00,1.480348889,1.5838904
2014-11-08 08:00:00,2.787753334,1.361114
2014-11-08 09:00:00,0.766455,1.9821875
2014-11-08 10:00:00,0.566008889,1.0388359
2014-11-08 11:00:00,2.165677222,0.76398224
2014-11-08 12:00:00,2.97134,1.6484681
2014-11-08 13:00:00,1.008397777,2.2702866
2014-11-08 14:00:00,0.702721666,1.2492929
2014-11-08 15:00:00,2.197689444,0.9257282
2014-11-08 16:00:00,2.3713461110000003,1.8603786
2014-11-08 17:00:00,4.240319444,2.0696099
2014-11-08 18:00:00,2.7459822220000003,3.1119585
2014-11-08 19:00:00,1.265346667,2.3766615
2014-11-08 20:00:00,1.45914,1.4477297
2014-11-08 21:00:00,1.461302777,1.463382
2014-11-08 22:00:00,1.696073889,1.4420142
2014-11-08 23:00:00,0.895720556,1.5762849
2014-11-09 00:00:00,1.0223333330000002,1.1380029
2014-11-09 01:00:00,1.299600556,1.1491954
2014-11-09 02:00:00,1.195458889,1.340042
2014-11-09 03:00:00,1.102025555,1.3069365
2014-11-09 04:00:00,1.058652778,1.245975
2014-11-09 05:00:00,1.231818333,1.2173595
2014-11-09 06:00:00,1.28586,1.3274126
2014-11-09 07:00:00,1.234769445,1.3815336
2014-11-09 08:00:00,2.135541111,1.3609354
2014-11-09 09:00:00,1.459027777,1.8942451
2014-11-09 10:00:00,2.8260500000000004,1.5655408
2014-11-09 11:00:00,1.247861667,2.4717364
2014-11-09 12:00:00,2.194296667,1.5013434
2014-11-09 13:00:00,5.1391416670000005,1.9633541
2014-11-09 14:00:00,4.408834445,3.904613
2014-11-09 15:00:00,4.449283333,3.6622941
2014-11-09 16:00:00,4.297005555,3.6714232
2014-11-09 17:00:00,3.693341667,3.6115391
2014-11-09 18:00:00,3.825938889,3.0651624
2014-11-09 19:00:00,3.912370555,3.0567677
2014-11-09 20:00:00,3.603998889,3.156992
2014-11-09 21:00:00,2.741713333,3.0222046
2014-11-09 22:00:00,2.446822778,2.541304
2014-11-09 23:00:00,0.756137222,2.3175464
2014-11-10 00:00:00,0.928835556,1.2884167
2014-11-10 01:00:00,1.204206111,1.2440406
2014-11-10 02:00:00,1.333005,1.4411621
2014-11-10 03:00:00,1.273112777,1.560107
2014-11-10 04:00:00,1.366428889,1.5514318
2014-11-10 05:00:00,1.538719444,1.6370387
2014-11-10 06:00:00,3.026921667,1.7928863
2014-11-10 07:00:00,3.054925,2.8852592
2014-11-10 08:00:00,1.283642778,3.0403202
2014-11-10 09:00:00,0.125272222,1.7741408
2014-11-10 10:00:00,0.498627222,0.7951511
2014-11-10 11:00:00,0.838574445,1.0291457
2014-11-10 12:00:00,0.875035556,1.4184155
2014-11-10 13:00:00,0.173416667,1.4849986
2014-11-10 14:00:00,0.4379849999999999,0.83188045
2014-11-10 15:00:00,0.755050556,0.9507096
2014-11-10 16:00:00,0.893648333,1.2133648
2014-11-10 17:00:00,2.171237778,1.2873443
2014-11-10 18:00:00,3.558100555,2.1994946
2014-11-10 19:00:00,4.794032223,3.1155367
2014-11-10 20:00:00,3.098095,3.7364671
2014-11-10 21:00:00,3.150378889,2.6460767
2014-11-10 22:00:00,3.089267222,2.562186
2014-11-10 23:00:00,1.363287778,2.4867055
2014-11-11 00:00:00,0.634153333,1.5504661
2014-11-11 01:00:00,0.77854,0.98160493
2014-11-11 02:00:00,1.04364,0.9981083
2014-11-11 03:00:00,0.8513955559999999,1.1862211
2014-11-11 04:00:00,1.289120556,1.0999004
2014-11-11 05:00:00,1.239876111,1.3781997
2014-11-11 06:00:00,2.080560556,1.3801001
2014-11-11 07:00:00,2.405473333,1.8138739
2014-11-11 08:00:00,1.291192222,1.9609616
2014-11-11 09:00:00,1.249443333,1.3655003
2014-11-11 10:00:00,0.440592223,1.2887824
2014-11-11 11:00:00,0.5788144439999999,0.7995839
2014-11-11 12:00:00,0.746301667,0.82161397
2014-11-11 13:00:00,1.855402223,0.96739024
2014-11-11 14:00:00,1.818218889,1.7887707
2014-11-11 15:00:00,1.755577222,1.9052805
2014-11-11 16:00:00,1.754002223,1.8916143
2014-11-11 17:00:00,1.472502778,1.9357362
2014-11-11 18:00:00,1.143481111,1.73506
2014-11-11 19:00:00,2.3377961110000003,1.4288895
2014-11-11 20:00:00,2.497035556,2.1141279
2014-11-11 21:00:00,1.941641112,2.2023454
2014-11-11 22:00:00,1.387063333,1.7725508
2014-11-11 23:00:00,0.644058333,1.3429229
2014-11-12 00:00:00,0.683672222,0.8643049
2014-11-12 01:00:00,0.736913334,0.8100474
2014-11-12 02:00:00,0.717636111,0.84322935
2014-11-12 03:00:00,0.6621066659999999,0.84712994
2014-11-12 04:00:00,0.670999444,0.83143103
2014-11-12 05:00:00,0.910842778,0.83902
2014-11-12 06:00:00,1.582782222,0.99361795
2014-11-12 07:00:00,2.441978889,1.3873245
2014-11-12 08:00:00,2.6366027780000003,1.874861
2014-11-12 09:00:00,1.318786667,2.0560174
2014-11-12 10:00:00,0.4557077779999999,1.3558164
2014-11-12 11:00:00,0.749520556,0.76668197
2014-11-12 12:00:00,2.0160194440000003,0.868522
2014-11-12 13:00:00,1.083736667,1.7083694
2014-11-12 14:00:00,1.626086111,1.2198951
2014-11-12 15:00:00,2.569718889,1.4802078
2014-11-12 16:00:00,3.410407778,2.0806983
2014-11-12 17:00:00,3.291758333,2.617269
2014-11-12 18:00:00,3.036634445,2.6167297
2014-11-12 19:00:00,3.005047222,2.5135415
2014-11-12 20:00:00,2.017932777,2.4466188
2014-11-12 21:00:00,3.07825,1.8475461
2014-11-12 22:00:00,2.913315,2.31337
2014-11-12 23:00:00,0.666178333,2.284492
2014-11-13 00:00:00,0.842374445,1.0956546
2014-11-13 01:00:00,1.2031661109999998,1.000555
2014-11-13 02:00:00,1.237153333,1.2187365
2014-11-13 03:00:00,1.950023333,1.2921803
2014-11-13 04:00:00,1.327070556,1.7752329
2014-11-13 05:00:00,1.478886667,1.4824014
2014-11-13 06:00:00,2.8573205550000003,1.5597893
2014-11-13 07:00:00,3.233415555,2.4742608
2014-11-13 08:00:00,1.323513889,2.7381241
2014-11-13 09:00:00,0.157049445,1.5531301
2014-11-13 10:00:00,0.356633889,0.669951
2014-11-13 11:00:00,0.3339572229999999,0.7087875
2014-11-13 12:00:00,0.680741111,0.74545234
2014-11-13 13:00:00,0.499028333,1.0078214
2014-11-13 14:00:00,1.141575,0.9391911
2014-11-13 15:00:00,1.339577222,1.4151758
2014-11-13 16:00:00,1.644463334,1.6001304
2014-11-13 17:00:00,2.467516667,1.7691952
2014-11-13 18:00:00,1.4766422220000002,2.2953596
2014-11-13 19:00:00,1.3988649999999998,1.622436
2014-11-13 20:00:00,1.767628889,1.4608951
2014-11-13 21:00:00,1.994648334,1.6947627
2014-11-13 22:00:00,2.227696111,1.7756119
2014-11-13 23:00:00,2.384277778,1.8387358
2014-11-14 00:00:00,2.125851667,1.9947625
2014-11-14 01:00:00,1.286222778,1.9031686
2014-11-14 02:00:00,1.215035,1.4013811
2014-11-14 03:00:00,1.281439444,1.3022747
2014-11-14 04:00:00,1.470243333,1.3274482
2014-11-14 05:00:00,1.555754445,1.4610109
2014-11-14 06:00:00,2.657007778,1.5291159
2014-11-14 07:00:00,3.294333889,2.0972629
2014-11-14 08:00:00,1.793663333,2.3499177
2014-11-14 09:00:00,0.570968334,1.6341926
2014-11-14 10:00:00,0.8759627780000001,0.89357543
2014-11-14 11:00:00,1.022590556,0.9441671
2014-11-14 12:00:00,1.001896667,1.0626048
2014-11-14 13:00:00,1.278608889,1.0904776
2014-11-14 14:00:00,0.743251111,1.3027401
2014-11-14 15:00:00,1.002838333,1.0015179
2014-11-14 16:00:00,2.195555556,1.1323147
2014-11-14 17:00:00,2.635542777,1.9164937
2014-11-14 18:00:00,2.183663333,2.2294128
2014-11-14 19:00:00,2.966942778,2.0058308
2014-11-14 20:00:00,1.908734445,2.5000908
2014-11-14 21:00:00,1.813401111,1.9036969
2014-11-14 22:00:00,1.48319,1.7689648
2014-11-14 23:00:00,1.634806111,1.5395888
2014-11-15 00:00:00,1.844061111,1.5739924
2014-11-15 01:00:00,1.721001111,1.6928202
2014-11-15 02:00:00,1.755383889,1.655538
2014-11-15 03:00:00,1.6976772219999998,1.6942259
2014-11-15 04:00:00,1.697187222,1.682301
2014-11-15 05:00:00,1.607602778,1.6883007
2014-11-15 06:00:00,1.660573333,1.632878
2014-11-15 07:00:00,2.706445555,1.6111358
2014-11-15 08:00:00,2.130375,2.1222243
2014-11-15 09:00:00,0.644497223,1.8486584
2014-11-15 10:00:00,0.931440556,0.9856021
2014-11-15 11:00:00,0.100235555,1.0346414
2014-11-15 12:00:00,0.654866667,0.5337219
2014-11-15 13:00:00,0.436573889,0.82045305
2014-11-15 14:00:00,0.382906111,0.7426654
2014-11-15 15:00:00,1.110168333,0.71448165
2014-11-15 16:00:00,2.195098889,1.2401233
2014-11-15 17:00:00,5.911404445,2.0161388
2014-11-15 18:00:00,4.034607777,4.2320266
2014-11-15 19:00:00,2.893188333,3.260467
2014-11-15 20:00:00,3.027341111,2.52148
2014-11-15 21:00:00,3.340764445,2.588671
2014-11-15 22:00:00,2.129480556,2.7943058
2014-11-15 23:00:00,2.517677778,2.1149614
2014-11-16 00:00:00,2.299806667,2.2815897
2014-11-16 01:00:00,1.321187778,2.1737452
2014-11-16 02:00:00,1.68765,1.5471406
2014-11-16 03:00:00,1.687244444,1.6982875
2014-11-16 04:00:00,1.609192222,1.7302719
2014-11-16 05:00:00,1.7426,1.6817963
2014-11-16 06:00:00,1.616747777,1.7704215
2014-11-16 07:00:00,2.826069444,1.6997262
2014-11-16 08:00:00,5.176522778,2.3865876
2014-11-16 09:00:00,3.082841667,3.7228167
2014-11-16 10:00:00,1.468693333,2.75408
2014-11-16 11:00:00,2.275200555,1.7258397
2014-11-16 12:00:00,1.3595316670000002,2.2316484
2014-11-16 13:00:00,1.830583889,1.7326065
2014-11-16 14:00:00,2.928447778,2.0356593
2014-11-16 15:00:00,2.540661667,2.9638777
2014-11-16 16:00:00,2.316725,2.7786117
2014-11-16 17:00:00,2.350518889,2.589397
2014-11-16 18:00:00,3.087040556,2.4841545
2014-11-16 19:00:00,2.868418889,2.916253
2014-11-16 20:00:00,2.544956667,2.7721455
2014-11-16 21:00:00,4.450495555,2.5069954
2014-11-16 22:00:00,3.528552777,3.649914
2014-11-16 23:00:00,1.32838,3.182525
2014-11-17 00:00:00,1.207226667,1.7256888
2014-11-17 01:00:00,1.325103333,1.4958632
2014-11-17 02:00:00,1.355277777,1.6016915
2014-11-17 03:00:00,1.816829444,1.6420821
2014-11-17 04:00:00,1.545214444,1.987101
2014-11-17 05:00:00,1.529598888,1.8487571
2014-11-17 06:00:00,2.481083889,1.822018
2014-11-17 07:00:00,4.011990556,2.5439553
2014-11-17 08:00:00,2.328963889,3.6510074
2014-11-17 09:00:00,0.847053889,2.3912566
2014-11-17 10:00:00,0.904848333,1.2759897
2014-11-17 11:00:00,1.384786666,1.23018
2014-11-17 12:00:00,1.824745,1.5909694
2014-11-17 13:00:00,1.411805,1.9761423
2014-11-17 14:00:00,1.36549,1.7237754
2014-11-17 15:00:00,1.489701111,1.6384262
2014-11-17 16:00:00,2.2761161110000003,1.7303206
2014-11-17 17:00:00,2.5585772230000003,2.3118365
2014-11-17 18:00:00,2.451811667,2.5648534
2014-11-17 19:00:00,3.175508333,2.460455
2014-11-17 20:00:00,2.741533333,2.9228723
2014-11-17 21:00:00,2.439043889,2.6534808
2014-11-17 22:00:00,3.5545,2.27822
2014-11-17 23:00:00,2.000931667,2.8254588
2014-11-18 00:00:00,1.217217778,2.0117757
2014-11-18 01:00:00,1.072468333,1.4416283
2014-11-18 02:00:00,1.1612105549999998,1.3038319
2014-11-18 03:00:00,1.449297778,1.3648117
2014-11-18 04:00:00,1.587961666,1.5713327
2014-11-18 05:00:00,1.439563334,1.7012318
2014-11-18 06:00:00,3.5845988890000005,1.6155332
2014-11-18 07:00:00,3.626470556,2.9801507
2014-11-18 08:00:00,1.568639445,2.9224925
2014-11-18 09:00:00,0.545341667,1.7035669
2014-11-18 10:00:00,0.7588516670000001,0.9512923
2014-11-18 11:00:00,0.61685,1.0096258
2014-11-18 12:00:00,0.190305,0.94099957
2014-11-18 13:00:00,0.150046667,0.63798976
2014-11-18 14:00:00,0.475778889,0.583397
2014-11-18 15:00:00,1.143648333,0.8377496
2014-11-18 16:00:00,1.633716667,1.3759972
2014-11-18 17:00:00,2.2748622220000003,1.7709357
2014-11-18 18:00:00,2.152073888,2.2256916
2014-11-18 19:00:00,1.785035555,2.154921
2014-11-18 20:00:00,2.105831111,1.8389676
2014-11-18 21:00:00,2.40968,1.9984637
2014-11-18 22:00:00,1.462316667,2.1925843
2014-11-18 23:00:00,2.486770556,1.5222667
2014-11-19 00:00:00,2.034831667,2.0630012
2014-11-19 01:00:00,2.264317222,1.892962
2014-11-19 02:00:00,1.8973772220000005,2.041336
2014-11-19 03:00:00,1.921422223,1.8647599
2014-11-19 04:00:00,1.915296667,1.8700285
2014-11-19 05:00:00,1.873316667,1.8774219
2014-11-19 06:00:00,3.075702778,1.8579901
2014-11-19 07:00:00,2.37011,2.4472432
2014-11-19 08:00:00,1.36632,1.9717181
2014-11-19 09:00:00,0.691081111,1.3838477
2014-11-19 10:00:00,1.3074238889999998,0.930383
2014-11-19 11:00:00,1.578055556,1.211664
2014-11-19 12:00:00,1.067217222,1.4363519
2014-11-19 13:00:00,1.264961111,1.1962739
2014-11-19 14:00:00,2.008316111,1.3184334
2014-11-19 15:00:00,1.680902778,1.8594472
2014-11-19 16:00:00,3.076873333,1.7294663
2014-11-19 17:00:00,6.799722222,2.6169884
2014-11-19 18:00:00,4.671866666,4.7932224
2014-11-19 19:00:00,2.848478889,3.759259
2014-11-19 20:00:00,4.479873333,2.7180078
2014-11-19 21:00:00,3.2986000000000004,3.7111485
2014-11-19 22:00:00,0.974568889,3.0747964
2014-11-19 23:00:00,1.105256111,1.5403522
2014-11-20 00:00:00,1.271136111,1.4344373
2014-11-20 01:00:00,1.382034445,1.5511483
2014-11-20 02:00:00,1.6094211120000002,1.6128536
2014-11-20 03:00:00,1.5270199999999998,1.7704375
2014-11-20 04:00:00,1.509526666,1.7292701
2014-11-20 05:00:00,1.707447778,1.7090449
2014-11-20 06:00:00,3.376898334,1.844368
2014-11-20 07:00:00,2.815307222,2.884705
2014-11-20 08:00:00,1.177325,2.5977056
2014-11-20 09:00:00,0.176492223,1.5350322
2014-11-20 10:00:00,0.272347223,0.75056934
2014-11-20 11:00:00,0.033546111,0.7494246
2014-11-20 12:00:00,0.653253333,0.60737646
2014-11-20 13:00:00,1.142583889,1.1050241
2014-11-20 14:00:00,1.884161111,1.5919548
2014-11-20 15:00:00,3.2693566670000003,2.2077308
2014-11-20 16:00:00,3.430852223,3.3504953
2014-11-20 17:00:00,2.580294445,3.4987204
2014-11-20 18:00:00,2.163033334,2.6295688
2014-11-20 19:00:00,2.203251111,2.2021084
2014-11-20 20:00:00,2.279117222,2.1879435
2014-11-20 21:00:00,2.326094444,2.0789285
2014-11-20 22:00:00,1.568936667,2.0096993
2014-11-20 23:00:00,1.061512778,1.598176
2014-11-21 00:00:00,1.677555555,1.245643
2014-11-21 01:00:00,1.572404445,1.6022767
2014-11-21 02:00:00,1.752197778,1.6000918
2014-11-21 03:00:00,1.656046111,1.7185446
2014-11-21 04:00:00,1.842813333,1.6879349
2014-11-21 05:00:00,1.801502222,1.8125359
2014-11-21 06:00:00,3.2414750000000003,1.7988712
2014-11-21 07:00:00,3.69171,2.560393
2014-11-21 08:00:00,2.133840556,2.7961872
2014-11-21 09:00:00,0.45153,1.9957803
2014-11-21 10:00:00,0.535896667,0.9274177
2014-11-21 11:00:00,0.2082899999999999,0.83764106
2014-11-21 12:00:00,0.4147083339999999,0.64649564
2014-11-21 13:00:00,0.36272,0.7926444
2014-11-21 14:00:00,0.326526666,0.8056264
2014-11-21 15:00:00,0.906517222,0.7753622
2014-11-21 16:00:00,1.67798,1.1487935
2014-11-21 17:00:00,2.301003889,1.6546625
2014-11-21 18:00:00,1.961134445,2.0813863
2014-11-21 19:00:00,2.317014445,1.8841528
2014-11-21 20:00:00,2.397611667,2.0734189
2014-11-21 21:00:00,2.101684444,2.1232023
2014-11-21 22:00:00,1.388827778,1.91959
2014-11-21 23:00:00,1.665976111,1.4728857
2014-11-22 00:00:00,1.6454772219999998,1.6228398
2014-11-22 01:00:00,1.396459445,1.6460764
2014-11-22 02:00:00,1.7141044440000002,1.4972754
2014-11-22 03:00:00,1.547793889,1.6977687
2014-11-22 04:00:00,1.802322778,1.6214035
2014-11-22 05:00:00,1.553981111,1.7699013
2014-11-22 06:00:00,1.711035,1.6174264
2014-11-22 07:00:00,2.310945555,1.6163851
2014-11-22 08:00:00,2.3890133330000003,1.8296738
2014-11-22 09:00:00,1.726123333,1.852467
2014-11-22 10:00:00,0.938771111,1.5503433
2014-11-22 11:00:00,0.4208055559999999,1.0854758
2014-11-22 12:00:00,0.205917778,0.7146564
2014-11-22 13:00:00,0.8287855559999999,0.5250635
2014-11-22 14:00:00,2.757838888,0.9092916
2014-11-22 15:00:00,2.185971111,2.2349575
2014-11-22 16:00:00,2.42895,2.0542972
2014-11-22 17:00:00,2.292787778,2.181423
2014-11-22 18:00:00,3.195793889,2.1053574
2014-11-22 19:00:00,3.117429444,2.652417
2014-11-22 20:00:00,1.365392778,2.6243455
2014-11-22 21:00:00,1.485253889,1.5436189
2014-11-22 22:00:00,1.4629544440000002,1.4780488
2014-11-22 23:00:00,0.731918334,1.4782484
2014-11-23 00:00:00,1.022789445,1.0123218
2014-11-23 01:00:00,1.039180556,1.1279926
2014-11-23 02:00:00,1.2851094440000002,1.1700193
2014-11-23 03:00:00,1.300898333,1.3266038
2014-11-23 04:00:00,1.150354445,1.3656788
2014-11-23 05:00:00,1.485282778,1.2722588
2014-11-23 06:00:00,1.101716666,1.4847754
2014-11-23 07:00:00,1.743637778,1.2609531
2014-11-23 08:00:00,1.999341111,1.6135966
2014-11-23 09:00:00,1.961513889,1.7821342
2014-11-23 10:00:00,3.210606111,1.76683
2014-11-23 11:00:00,1.072331111,2.5398839
2014-11-23 12:00:00,0.917164444,1.3704844
2014-11-23 13:00:00,0.952355,1.1381148
2014-11-23 14:00:00,0.917458333,1.1985024
2014-11-23 15:00:00,1.3503699999999998,1.1575327
2014-11-23 16:00:00,1.187550556,1.4499818
2014-11-23 17:00:00,4.04112,1.3468683
2014-11-23 18:00:00,3.656463333,3.1053958
2014-11-23 19:00:00,2.1905133340000003,2.8520603
2014-11-23 20:00:00,3.49719,1.9523468
2014-11-23 21:00:00,3.368517777,2.5980992
2014-11-23 22:00:00,3.668008889,2.6129155
2014-11-23 23:00:00,1.845788889,2.7800384
2014-11-24 00:00:00,0.712551666,1.8681346
2014-11-24 01:00:00,0.683095555,1.0855501
2014-11-24 02:00:00,0.8412694439999999,0.9525304
2014-11-24 03:00:00,1.158076667,1.0395255
2014-11-24 04:00:00,1.010945,1.2675562
2014-11-24 05:00:00,1.356397222,1.2234375
2014-11-24 06:00:00,2.293467778,1.4498348
2014-11-24 07:00:00,2.826872222,2.1234846
2014-11-24 08:00:00,1.459030556,2.5311604
2014-11-24 09:00:00,0.485767778,1.6664231
2014-11-24 10:00:00,0.6671849999999999,0.9111209
2014-11-24 11:00:00,0.466909444,0.91133296
2014-11-24 12:00:00,0.6913538889999999,0.8076672
2014-11-24 13:00:00,0.461911111,0.972912
2014-11-24 14:00:00,0.4501422229999999,0.8624986
2014-11-24 15:00:00,0.797440556,0.8575281
2014-11-24 16:00:00,0.849104444,1.1408736
2014-11-24 17:00:00,0.894126667,1.2379413
2014-11-24 18:00:00,0.6333905550000001,1.2150217
2014-11-24 19:00:00,1.178173889,0.97281426
2014-11-24 20:00:00,2.6162650000000003,1.3389739
2014-11-24 21:00:00,2.34388,2.2727523
2014-11-24 22:00:00,1.323175,2.0481288
2014-11-24 23:00:00,0.678240556,1.3179215
2014-11-25 00:00:00,0.735462222,0.8558848
2014-11-25 01:00:00,0.590935,0.8174528
2014-11-25 02:00:00,0.844416666,0.7373989
2014-11-25 03:00:00,0.863507778,0.8894787
2014-11-25 04:00:00,1.1815088889999998,0.93526745
2014-11-25 05:00:00,0.6950905549999999,1.1465507
2014-11-25 06:00:00,1.324783889,0.8714739
2014-11-25 07:00:00,3.256442223,1.1565502
2014-11-25 08:00:00,1.716878334,2.097623
2014-11-25 09:00:00,0.864195555,1.4686804
2014-11-25 10:00:00,0.510302222,0.9726146
2014-11-25 11:00:00,0.390403333,0.6915725
2014-11-25 12:00:00,0.4464694449999999,0.5656407
2014-11-25 13:00:00,0.4031961109999999,0.5712038
2014-11-25 14:00:00,0.535827778,0.55835706
2014-11-25 15:00:00,0.644948889,0.64554965
2014-11-25 16:00:00,0.969336667,0.733644
2014-11-25 17:00:00,1.63177,0.9516167
2014-11-25 18:00:00,1.101466666,1.3937024
2014-11-25 19:00:00,1.102769444,1.1634812
2014-11-25 20:00:00,1.249828889,1.1309974
2014-11-25 21:00:00,2.154168334,1.1575159
2014-11-25 22:00:00,2.313880556,1.6053865
2014-11-25 23:00:00,0.7721088890000001,1.7521245
2014-11-26 00:00:00,0.835202777,0.97803885
2014-11-26 01:00:00,1.2284722220000002,0.88857853
2014-11-26 02:00:00,1.191888333,1.112225
2014-11-26 03:00:00,1.438837777,1.1379964
2014-11-26 04:00:00,1.195456111,1.3013054
2014-11-26 05:00:00,1.648245555,1.1842116
2014-11-26 06:00:00,2.153156666,1.4531716
2014-11-26 07:00:00,1.398907222,1.7749817
2014-11-26 08:00:00,2.852113333,1.2852132
2014-11-26 09:00:00,0.948442778,1.9254379
2014-11-26 10:00:00,0.827516111,1.0933384
2014-11-26 11:00:00,1.309767222,0.89122295
2014-11-26 12:00:00,1.10432,1.1200052
2014-11-26 13:00:00,2.034869444,1.0593207
2014-11-26 14:00:00,2.837946111,1.5809194
2014-11-26 15:00:00,2.701297222,2.1295989
2014-11-26 16:00:00,4.859163889,2.166417
2014-11-26 17:00:00,4.315781111,3.3410769
2014-11-26 18:00:00,3.641197222,3.193012
2014-11-26 19:00:00,2.835086667,2.9111762
2014-11-26 20:00:00,3.223497223,2.507102
2014-11-26 21:00:00,3.399022222,2.7223322
2014-11-26 22:00:00,1.337887222,2.8144171
2014-11-26 23:00:00,0.885952778,1.6090596
2014-11-27 00:00:00,1.6068133329999998,1.185727
2014-11-27 01:00:00,1.560143888,1.5999312
2014-11-27 02:00:00,1.565026667,1.6392875
2014-11-27 03:00:00,1.43412,1.660678
2014-11-27 04:00:00,1.6266500000000002,1.5948375
2014-11-27 05:00:00,1.493262777,1.7351165
2014-11-27 06:00:00,2.774215,1.6702418
2014-11-27 07:00:00,2.281656666,2.4996684
2014-11-27 08:00:00,0.862635,2.2839794
2014-11-27 09:00:00,0.535115555,1.267476
2014-11-27 10:00:00,0.423347778,0.9518875
2014-11-27 11:00:00,0.539,0.8849163
2014-11-27 12:00:00,0.548477778,0.9973294
2014-11-27 13:00:00,0.768097222,1.0542227
2014-11-27 14:00:00,0.7418549999999999,1.2391514
2014-11-27 15:00:00,0.744427778,1.2204773
2014-11-27 16:00:00,0.8259044440000001,1.2036917
2014-11-27 17:00:00,0.957578333,1.195858
2014-11-27 18:00:00,1.145539444,1.238147
2014-11-27 19:00:00,1.5065094449999998,1.3196015
2014-11-27 20:00:00,1.062460556,1.5345885
2014-11-27 21:00:00,1.288226111,1.1864605
2014-11-27 22:00:00,1.364033889,1.2134813
2014-11-27 23:00:00,1.180131111,1.2809614
2014-11-28 00:00:00,1.292861666,1.1974924
2014-11-28 01:00:00,1.229314444,1.2491024
2014-11-28 02:00:00,1.349565,1.2178988
2014-11-28 03:00:00,1.2851511109999998,1.283864
2014-11-28 04:00:00,1.3738066670000002,1.2576256
2014-11-28 05:00:00,1.402129444,1.2982523
2014-11-28 06:00:00,1.243988889,1.3095291
2014-11-28 07:00:00,1.329614444,1.1437982
2014-11-28 08:00:00,1.0542327779999998,1.1166499
2014-11-28 09:00:00,0.98917,0.9799062
2014-11-28 10:00:00,0.420686667,0.92693484
2014-11-28 11:00:00,0.079169445,0.6215137
2014-11-28 12:00:00,0.083804445,0.3725686
2014-11-28 13:00:00,0.244630555,0.32258648
2014-11-28 14:00:00,0.740451666,0.40014762
2014-11-28 15:00:00,0.8132644440000001,0.69914174
2014-11-28 16:00:00,1.068701111,0.8066404
2014-11-28 17:00:00,1.561926111,0.9823673
2014-11-28 18:00:00,2.5539705550000003,1.3001901
2014-11-28 19:00:00,2.4830344440000003,1.9000155
2014-11-28 20:00:00,2.081866667,1.9278563
2014-11-28 21:00:00,1.515198334,1.7403688
2014-11-28 22:00:00,1.509286667,1.4091191
2014-11-28 23:00:00,1.518825556,1.3542997
2014-11-29 00:00:00,1.462656111,1.352833
2014-11-29 01:00:00,1.540035,1.3178152
2014-11-29 02:00:00,1.631922222,1.355872
2014-11-29 03:00:00,1.350845,1.4079483
2014-11-29 04:00:00,1.534797222,1.2599736
2014-11-29 05:00:00,1.381955,1.3314568
2014-11-29 06:00:00,1.636868334,1.251578
2014-11-29 07:00:00,1.441255,1.3720101
2014-11-29 08:00:00,1.327382223,1.2777593
2014-11-29 09:00:00,0.662006111,1.2037024
2014-11-29 10:00:00,0.203121111,0.8291023
2014-11-29 11:00:00,0.453984444,0.50639963
2014-11-29 12:00:00,0.665532223,0.59657496
2014-11-29 13:00:00,1.120731111,0.7572817
2014-11-29 14:00:00,1.0978738890000002,1.0873245
2014-11-29 15:00:00,1.012268334,1.1494597
2014-11-29 16:00:00,1.039113889,1.1250046
2014-11-29 17:00:00,1.893625,1.1546642
2014-11-29 18:00:00,1.568796666,1.711133
2014-11-29 19:00:00,1.130283333,1.5191624
2014-11-29 20:00:00,1.450447778,1.1880922
2014-11-29 21:00:00,1.295991111,1.3224424
2014-11-29 22:00:00,1.1816266670000002,1.2496836
2014-11-29 23:00:00,1.377132778,1.167669
2014-11-30 00:00:00,1.2038916670000002,1.2692491
2014-11-30 01:00:00,1.363350555,1.1788849
2014-11-30 02:00:00,1.1567022219999998,1.2490208
2014-11-30 03:00:00,1.2951283340000002,1.1301657
2014-11-30 04:00:00,1.235153333,1.1887516
2014-11-30 05:00:00,1.175026666,1.1534129
2014-11-30 06:00:00,1.290448889,1.1078525
2014-11-30 07:00:00,1.0951277780000002,1.1473918
2014-11-30 08:00:00,1.250250556,1.0355662
2014-11-30 09:00:00,1.003077777,1.0866746
2014-11-30 10:00:00,0.251518889,0.9742805
2014-11-30 11:00:00,0.431996666,0.55013305
2014-11-30 12:00:00,0.534299444,0.5763034
2014-11-30 13:00:00,0.737943889,0.6478496
2014-11-30 14:00:00,0.7535138889999999,0.7792616
2014-11-30 15:00:00,1.2681344440000002,0.8176309
2014-11-30 16:00:00,1.2777227779999998,1.1351206
2014-11-30 17:00:00,1.608483333,1.1983389
2014-11-30 18:00:00,1.005456111,1.3674742
2014-11-30 19:00:00,0.997446667,1.0447505
2014-11-30 20:00:00,1.130217778,0.9956568
2014-11-30 21:00:00,0.801858889,1.0553716
2014-11-30 22:00:00,0.900079445,0.87514365
2014-11-30 23:00:00,1.0126466669999998,0.9012916
2014-12-01 00:00:00,1.0669650000000002,0.9623278
2014-12-01 01:00:00,1.272995,1.001249
2014-12-01 02:00:00,0.896027778,1.1143652
2014-12-01 03:00:00,1.008211111,0.92618847
2014-12-01 04:00:00,0.764776667,0.9501264
2014-12-01 05:00:00,1.016619445,0.8156455
2014-12-01 06:00:00,0.907474444,0.9226292
2014-12-01 07:00:00,0.832280556,0.87494963
2014-12-01 08:00:00,0.689087778,0.8247963
2014-12-01 09:00:00,0.107345555,0.7303011
2014-12-01 10:00:00,0.087572778,0.3975841
2014-12-01 11:00:00,0.389161667,0.31935766
2014-12-01 12:00:00,0.685291667,0.46676087
2014-12-01 13:00:00,0.463409444,0.66682917
2014-12-01 14:00:00,0.546993334,0.5904509
2014-12-01 15:00:00,0.6672849999999999,0.6325534
2014-12-01 16:00:00,0.697852222,0.7019003
2014-12-01 17:00:00,1.2239355550000002,0.7226865
2014-12-01 18:00:00,1.304146111,0.9930891
2014-12-01 19:00:00,1.000182778,1.0883415
2014-12-01 20:00:00,1.270588334,0.9486324
2014-12-01 21:00:00,1.13624,1.0596838
2014-12-01 22:00:00,2.350757222,1.0161011
2014-12-01 23:00:00,1.808108334,1.6376011
2014-12-02 00:00:00,1.6524111119999998,1.466606
2014-12-02 01:00:00,1.155042778,1.3663553
2014-12-02 02:00:00,1.229058334,1.0865213
2014-12-02 03:00:00,1.360252778,1.0730602
2014-12-02 04:00:00,1.259653889,1.1277711
2014-12-02 05:00:00,1.409723888,1.0902588
2014-12-02 06:00:00,1.368496666,1.1527086
2014-12-02 07:00:00,1.282585555,1.1411854
2014-12-02 08:00:00,0.887489444,1.0960993
2014-12-02 09:00:00,0.8437261110000001,0.8910279
2014-12-02 10:00:00,0.5754938890000001,0.83666295
2014-12-02 11:00:00,0.998593889,0.690549
2014-12-02 12:00:00,0.830043333,0.8944056
2014-12-02 13:00:00,0.639197778,0.8471355
2014-12-02 14:00:00,0.971879444,0.7448242
2014-12-02 15:00:00,1.237589444,0.924512
2014-12-02 16:00:00,1.201046666,1.1221174
2014-12-02 17:00:00,1.392435,1.1523421
2014-12-02 18:00:00,2.59696,1.2715688
2014-12-02 19:00:00,3.779137778,1.983308
2014-12-02 20:00:00,3.436880556,2.7505274
2014-12-02 21:00:00,3.241101111,2.6615365
2014-12-02 22:00:00,4.246690556,2.5886776
2014-12-02 23:00:00,3.428950555,3.0769124
2014-12-03 00:00:00,1.870498333,2.6936743
2014-12-03 01:00:00,1.849878889,1.829232
2014-12-03 02:00:00,1.840747778,1.7145114
2014-12-03 03:00:00,1.882341666,1.6943481
2014-12-03 04:00:00,1.925220556,1.7096826
2014-12-03 05:00:00,1.919840556,1.7421805
2014-12-03 06:00:00,2.926100556,1.7421926
2014-12-03 07:00:00,2.368247777,2.3060725
2014-12-03 08:00:00,1.443243889,2.074611
2014-12-03 09:00:00,2.918405,1.5378499
2014-12-03 10:00:00,1.129407222,2.362192
2014-12-03 11:00:00,1.0343683339999998,1.4364892
2014-12-03 12:00:00,1.290035555,1.2464656
2014-12-03 13:00:00,1.018654445,1.4409424
2014-12-03 14:00:00,1.336822778,1.3184985
2014-12-03 15:00:00,1.802392222,1.5555383
2014-12-03 16:00:00,1.864538889,1.9594437
2014-12-03 17:00:00,1.702421666,2.075471
2014-12-03 18:00:00,2.740967777,1.9868096
2014-12-03 19:00:00,2.671600556,2.7650185
2014-12-03 20:00:00,5.227647222,2.71623
2014-12-03 21:00:00,3.609542778,4.3765244
2014-12-03 22:00:00,1.612315556,3.3382566
2014-12-03 23:00:00,0.766932223,1.8653685
2014-12-04 00:00:00,1.218502778,1.1561983
2014-12-04 01:00:00,1.212983333,1.3772868
2014-12-04 02:00:00,1.6604122220000002,1.4154063
2014-12-04 03:00:00,1.5530488889999998,1.7156824
2014-12-04 04:00:00,1.4113316660000002,1.6805303
2014-12-04 05:00:00,1.653723889,1.5731002
2014-12-04 06:00:00,3.326796667,1.7209237
2014-12-04 07:00:00,2.8411466670000003,2.7397196
2014-12-04 08:00:00,1.5695088890000002,2.5029213
2014-12-04 09:00:00,0.342218333,1.7090496
2014-12-04 10:00:00,0.296056667,0.8115166
2014-12-04 11:00:00,0.443142222,0.65953845
2014-12-04 12:00:00,1.331403889,0.764553
2014-12-04 13:00:00,2.064071111,1.4174957
2014-12-04 14:00:00,2.161527778,2.044496
2014-12-04 15:00:00,2.189551666,2.181825
2014-12-04 16:00:00,2.737350556,2.2176292
2014-12-04 17:00:00,3.681493333,2.6305947
2014-12-04 18:00:00,2.732777222,3.3584626
2014-12-04 19:00:00,2.0356072220000003,2.7129345
2014-12-04 20:00:00,1.668952222,2.1617284
2014-12-04 21:00:00,2.755959445,1.7232637
2014-12-04 22:00:00,1.387724445,2.2452118
2014-12-04 23:00:00,1.280576111,1.5157986
2014-12-05 00:00:00,1.764140556,1.3714299
2014-12-05 01:00:00,1.844869445,1.6840057
2014-12-05 02:00:00,2.228282223,1.7940677
2014-12-05 03:00:00,1.755367778,2.055126
2014-12-05 04:00:00,1.749781111,1.8013428
2014-12-05 05:00:00,1.966778889,1.7825451
2014-12-05 06:00:00,2.588302778,1.939224
2014-12-05 07:00:00,4.127331111,2.2541876
2014-12-05 08:00:00,1.467033333,3.0852349
2014-12-05 09:00:00,0.479678889,1.664785
2014-12-05 10:00:00,0.366505555,0.896213
2014-12-05 11:00:00,1.045623889,0.74844664
2014-12-05 12:00:00,1.3235572219999998,1.2494916
2014-12-05 13:00:00,1.269211667,1.5439074
2014-12-05 14:00:00,1.349545,1.521425
2014-12-05 15:00:00,1.398875,1.5649755
2014-12-05 16:00:00,1.678795,1.5972353
2014-12-05 17:00:00,1.627128889,1.7661251
2014-12-05 18:00:00,2.250656111,1.6765711
2014-12-05 19:00:00,1.175561111,2.042576
2014-12-05 20:00:00,2.645383888,1.3829321
2014-12-05 21:00:00,4.316178889,2.242451
2014-12-05 22:00:00,2.3715944440000003,3.2651908
2014-12-05 23:00:00,1.078351667,2.2445881
2014-12-06 00:00:00,1.224311667,1.3557122
2014-12-06 01:00:00,1.473227778,1.3723989
2014-12-06 02:00:00,1.204385,1.5572947
2014-12-06 03:00:00,1.493556667,1.3897171
2014-12-06 04:00:00,1.808532778,1.5656948
2014-12-06 05:00:00,2.9804072230000003,1.8008511
2014-12-06 06:00:00,1.246375,2.5544891
2014-12-06 07:00:00,1.851683333,1.4763387
2014-12-06 08:00:00,1.809840556,1.6009514
2014-12-06 09:00:00,1.745177222,1.6095812
2014-12-06 10:00:00,1.406182778,1.6059198
2014-12-06 11:00:00,1.4126555550000002,1.440698
2014-12-06 12:00:00,2.302589444,1.4400203
2014-12-06 13:00:00,1.4574794450000002,2.0171087
2014-12-06 14:00:00,1.054313333,1.5756838
2014-12-06 15:00:00,1.597275,1.2662076
2014-12-06 16:00:00,1.500005556,1.6269826
2014-12-06 17:00:00,2.7413438890000004,1.6205752
2014-12-06 18:00:00,3.20316,2.4590912
2014-12-06 19:00:00,3.43912,2.8097463
2014-12-06 20:00:00,3.159481667,3.017321
2014-12-06 21:00:00,3.014912222,2.8190532
2014-12-06 22:00:00,2.826085,2.5498705
2014-12-06 23:00:00,0.928062222,2.4061642
2014-12-07 00:00:00,0.906367778,1.3006465
2014-12-07 01:00:00,1.044299445,1.1307976
2014-12-07 02:00:00,0.914813333,1.2185906
2014-12-07 03:00:00,1.444681111,1.158587
2014-12-07 04:00:00,1.215052222,1.5045255
2014-12-07 05:00:00,1.621323889,1.3893664
2014-12-07 06:00:00,1.7788499999999998,1.5832483
2014-12-07 07:00:00,1.858836666,1.7358286
2014-12-07 08:00:00,2.947557778,1.795521
2014-12-07 09:00:00,1.585554444,2.4864197
2014-12-07 10:00:00,0.652155,1.7120601
2014-12-07 11:00:00,0.2132794439999999,1.0151672
2014-12-07 12:00:00,0.348372222,0.6420797
2014-12-07 13:00:00,1.406211667,0.68613803
2014-12-07 14:00:00,1.024852777,1.4656601
2014-12-07 15:00:00,2.244473333,1.3254102
2014-12-07 16:00:00,1.780057778,2.1705754
2014-12-07 17:00:00,2.404213334,1.94655
2014-12-07 18:00:00,2.718717223,2.3197396
2014-12-07 19:00:00,2.176676667,2.5265825
2014-12-07 20:00:00,2.524040556,2.0982485
2014-12-07 21:00:00,2.708105556,2.2111378
2014-12-07 22:00:00,3.757873333,2.2496817
2014-12-07 23:00:00,2.757391666,2.7267015
2014-12-08 00:00:00,2.8161794440000003,2.3039236
2014-12-08 01:00:00,1.685209445,2.329269
2014-12-08 02:00:00,1.919812777,1.7201148
2014-12-08 03:00:00,1.761541112,1.8014425
2014-12-08 04:00:00,1.81462,1.7361604
2014-12-08 05:00:00,1.897576667,1.7771465
2014-12-08 06:00:00,3.4428311110000003,1.841536
2014-12-08 07:00:00,3.644555,2.7855287
2014-12-08 08:00:00,2.741541666,2.9712596
2014-12-08 09:00:00,1.083264444,2.392383
2014-12-08 10:00:00,1.381411667,1.3865073
2014-12-08 11:00:00,1.428257223,1.4551121
2014-12-08 12:00:00,1.4659300000000002,1.5493878
2014-12-08 13:00:00,1.633223889,1.6234349
2014-12-08 14:00:00,1.804453334,1.7669337
2014-12-08 15:00:00,1.709752778,1.9387357
2014-12-08 16:00:00,1.878018889,1.8827515
2014-12-08 17:00:00,2.0475544450000003,2.01358
2014-12-08 18:00:00,3.065207778,2.153957
2014-12-08 19:00:00,2.680598889,2.860318
2014-12-08 20:00:00,2.774538334,2.6584365
2014-12-08 21:00:00,3.133241111,2.6929326
2014-12-08 22:00:00,2.256449445,2.9549754
2014-12-08 23:00:00,1.562982778,2.3030748
2014-12-09 00:00:00,1.493678889,1.7591332
2014-12-09 01:00:00,1.540504445,1.6488142
2014-12-09 02:00:00,1.545343889,1.6948972
2014-12-09 03:00:00,1.637496667,1.7095672
2014-12-09 04:00:00,1.420961667,1.784149
2014-12-09 05:00:00,1.610876667,1.6457789
2014-12-09 06:00:00,2.351306666,1.7661183
2014-12-09 07:00:00,3.596123333,2.2153924
2014-12-09 08:00:00,1.82504,2.9016535
2014-12-09 09:00:00,1.741826666,1.8564502
2014-12-09 10:00:00,1.511873889,1.7239751
2014-12-09 11:00:00,2.102128334,1.6019824
2014-12-09 12:00:00,2.823641111,1.986515
2014-12-09 13:00:00,2.005277222,2.525448
2014-12-09 14:00:00,2.264180556,2.0592308
2014-12-09 15:00:00,1.928625555,2.195437
2014-12-09 16:00:00,1.875363333,2.0243852
2014-12-09 17:00:00,1.835558333,1.9774022
2014-12-09 18:00:00,2.096271666,1.9637266
2014-12-09 19:00:00,2.3990511110000003,2.0970006
2014-12-09 20:00:00,2.426402778,2.2838297
2014-12-09 21:00:00,3.040834445,2.273648
2014-12-09 22:00:00,3.201312778,2.5773258
2014-12-09 23:00:00,2.781865,2.6904917
2014-12-10 00:00:00,2.068827778,2.4803023
2014-12-10 01:00:00,1.973573334,2.0543416
2014-12-10 02:00:00,1.405391111,1.973624
2014-12-10 03:00:00,1.452195,1.6189185
2014-12-10 04:00:00,1.294379445,1.6173254
2014-12-10 05:00:00,1.349589445,1.536424
2014-12-10 06:00:00,2.011112777,1.5686239
2014-12-10 07:00:00,2.560626111,2.0126786
2014-12-10 08:00:00,2.10671,2.334521
2014-12-10 09:00:00,0.926419444,2.0837777
2014-12-10 10:00:00,0.944555556,1.282754
2014-12-10 11:00:00,1.179738333,1.215731
2014-12-10 12:00:00,1.019415556,1.3923354
2014-12-10 13:00:00,1.267101112,1.2723957
2014-12-10 14:00:00,1.190023889,1.4280037
2014-12-10 15:00:00,1.638223889,1.3871717
2014-12-10 16:00:00,3.993256666,1.6940087
2014-12-10 17:00:00,3.859356667,3.3028553
2014-12-10 18:00:00,5.398267777,3.3398163
2014-12-10 19:00:00,4.472442222,4.294975
2014-12-10 20:00:00,4.50825,3.8192391
2014-12-10 21:00:00,3.651325,3.8426464
2014-12-10 22:00:00,3.335326667,3.3049757
2014-12-10 23:00:00,1.2222566659999998,3.0123131
2014-12-11 00:00:00,1.070235,1.6642671
2014-12-11 01:00:00,1.054291111,1.3768278
2014-12-11 02:00:00,1.250900555,1.3280379
2014-12-11 03:00:00,1.445338333,1.4506298
2014-12-11 04:00:00,1.48045,1.601265
2014-12-11 05:00:00,1.391634445,1.6543055
2014-12-11 06:00:00,2.236206111,1.6089569
2014-12-11 07:00:00,3.194955556,2.153152
2014-12-11 08:00:00,2.011116666,2.7878764
2014-12-11 09:00:00,1.3798294439999998,2.0856416
2014-12-11 10:00:00,1.003556666,1.632345
2014-12-11 11:00:00,1.0642,1.3741683
2014-12-11 12:00:00,1.535766112,1.4249319
2014-12-11 13:00:00,1.806715,1.8365617
2014-12-11 14:00:00,2.155900556,2.122619
2014-12-11 15:00:00,1.838424445,2.4460983
2014-12-11 16:00:00,2.1804550000000003,2.2553968
2014-12-11 17:00:00,2.183655,2.4721045
2014-12-11 18:00:00,3.23522,2.4824922
2014-12-11 19:00:00,2.881385556,3.1294181
2014-12-11 20:00:00,2.617228333,2.8058817
2014-12-11 21:00:00,2.666730556,2.4498923
2014-12-11 22:00:00,1.661893334,2.3599951
2014-12-11 23:00:00,1.323735555,1.673849
2014-12-12 00:00:00,1.662053888,1.4042252
2014-12-12 01:00:00,1.519007778,1.5985318
2014-12-12 02:00:00,1.341635556,1.5608752
2014-12-12 03:00:00,1.986633334,1.4566191
2014-12-12 04:00:00,1.330232778,1.8748913
2014-12-12 05:00:00,1.476831111,1.5121562
2014-12-12 06:00:00,2.676953333,1.5690825
2014-12-12 07:00:00,4.555591111,2.3485205
2014-12-12 08:00:00,2.479804445,3.4145396
2014-12-12 09:00:00,1.156143889,2.2996557
2014-12-12 10:00:00,1.068626111,1.412596
2014-12-12 11:00:00,1.1161,1.2861377
2014-12-12 12:00:00,1.187457222,1.3366244
2014-12-12 13:00:00,1.144655,1.4076617
2014-12-12 14:00:00,1.326896667,1.3955398
2014-12-12 15:00:00,1.626941111,1.5197117
2014-12-12 16:00:00,2.238093889,1.7536893
2014-12-12 17:00:00,2.383110556,2.1885798
2014-12-12 18:00:00,2.125711111,2.3183591
2014-12-12 19:00:00,2.483885,2.0935395
2014-12-12 20:00:00,1.960439444,2.2676845
2014-12-12 21:00:00,1.631445,1.9236966
2014-12-12 22:00:00,2.315563333,1.6482245
2014-12-12 23:00:00,1.423553333,2.0675993
2014-12-13 00:00:00,1.754803333,1.5774596
2014-12-13 01:00:00,1.627147222,1.7353276
2014-12-13 02:00:00,1.724424445,1.7026082
2014-12-13 03:00:00,1.475013334,1.777069
2014-12-13 04:00:00,1.769201111,1.6167612
2014-12-13 05:00:00,1.684516111,1.8190659
2014-12-13 06:00:00,1.667920556,1.7968255
2014-12-13 07:00:00,2.380433333,1.7398418
2014-12-13 08:00:00,1.875612778,2.0222974
2014-12-13 09:00:00,2.674812222,1.7255062
2014-12-13 10:00:00,1.820755,2.178895
2014-12-13 11:00:00,3.006775,1.760917
2014-12-13 12:00:00,1.242843334,2.4425411
2014-12-13 13:00:00,2.060543333,1.4850292
2014-12-13 14:00:00,1.919094444,1.8998275
2014-12-13 15:00:00,1.644433334,1.9088861
2014-12-13 16:00:00,2.869080556,1.725766
2014-12-13 17:00:00,3.762115,2.4899073
2014-12-13 18:00:00,6.303397222,3.0752196
2014-12-13 19:00:00,5.6477450000000005,4.479348
2014-12-13 20:00:00,5.659979444,4.2106357
2014-12-13 21:00:00,4.780922778,4.2975936
2014-12-13 22:00:00,3.525612222,3.953151
2014-12-13 23:00:00,2.278228334,3.24862
2014-12-14 00:00:00,1.156341111,2.4798462
2014-12-14 01:00:00,1.475394445,1.6701796
2014-12-14 02:00:00,1.472497222,1.7785871
2014-12-14 03:00:00,1.692017222,1.7991456
2014-12-14 04:00:00,1.456427223,1.9462888
2014-12-14 05:00:00,1.720472223,1.8030268
2014-12-14 06:00:00,1.511303333,1.9731634
2014-12-14 07:00:00,2.311343889,1.8628933
2014-12-14 08:00:00,1.918791667,2.402633
2014-12-14 09:00:00,1.950986111,2.2024384
2014-12-14 10:00:00,1.850230555,2.1808238
2014-12-14 11:00:00,0.78351,2.1532316
2014-12-14 12:00:00,1.498042222,1.3561329
2014-12-14 13:00:00,3.888448333,1.854756
2014-12-14 14:00:00,2.664407778,3.7984324
2014-12-14 15:00:00,4.125026111,3.0046792
2014-12-14 16:00:00,5.971876111,4.0738206
2014-12-14 17:00:00,6.700479444,5.6566086
2014-12-14 18:00:00,7.282352778,6.1652093
2014-12-14 19:00:00,2.536782777,6.388332
2014-12-14 20:00:00,1.997837223,3.144572
2014-12-14 21:00:00,2.235665,2.4274871
2014-12-14 22:00:00,2.511525555,2.4558563
2014-12-14 23:00:00,1.077818889,2.514392
2014-12-15 00:00:00,1.172833334,1.5810126
2014-12-15 01:00:00,1.054104444,1.5248877
2014-12-15 02:00:00,1.179276666,1.4551855
2014-12-15 03:00:00,1.806428889,1.52393
2014-12-15 04:00:00,1.200761111,1.964679
2014-12-15 05:00:00,1.805770555,1.6096956
2014-12-15 06:00:00,2.943750556,1.9878566
2014-12-15 07:00:00,3.556501111,2.8631957
2014-12-15 08:00:00,2.078348333,3.34941
2014-12-15 09:00:00,0.543463889,2.391013
2014-12-15 10:00:00,0.5983061110000001,1.2057153
2014-12-15 11:00:00,0.208983889,1.1726605
2014-12-15 12:00:00,0.067062222,0.9453009
2014-12-15 13:00:00,0.124742778,0.80211484
2014-12-15 14:00:00,0.200417777,0.83112437
2014-12-15 15:00:00,0.7502788890000001,0.9018034
2014-12-15 16:00:00,1.218725,1.3564755
2014-12-15 17:00:00,1.756048333,1.717345
2014-12-15 18:00:00,1.703522778,1.9842066
2014-12-15 19:00:00,2.608432222,1.675436
2014-12-15 20:00:00,3.388858889,2.206136
2014-12-15 21:00:00,3.772167222,2.7113953
2014-12-15 22:00:00,3.360653334,2.9200456
2014-12-15 23:00:00,1.4035494439999998,2.6616342
2014-12-16 00:00:00,1.271383889,1.5759877
2014-12-16 01:00:00,1.606190556,1.3689774
2014-12-16 02:00:00,1.644163333,1.590763
2014-12-16 03:00:00,1.769572222,1.6631266
2014-12-16 04:00:00,1.677031666,1.7454146
2014-12-16 05:00:00,1.456457778,1.7133664
2014-12-16 06:00:00,2.813957222,1.5506166
2014-12-16 07:00:00,3.933089445,2.2983313
2014-12-16 08:00:00,1.608381112,2.807345
2014-12-16 09:00:00,1.155277778,1.6295413
2014-12-16 10:00:00,1.4099083330000002,1.2478753
2014-12-16 11:00:00,1.403987777,1.3466264
2014-12-16 12:00:00,1.403007777,1.3829963
2014-12-16 13:00:00,2.161892222,1.4235066
2014-12-16 14:00:00,1.472551666,1.9537205
2014-12-16 15:00:00,1.425618333,1.629706
2014-12-16 16:00:00,2.042757778,1.5864133
2014-12-16 17:00:00,2.350797778,2.059412
2014-12-16 18:00:00,2.172900555,2.3421504
2014-12-16 19:00:00,2.638635556,2.2534623
2014-12-16 20:00:00,2.554308334,2.5596867
2014-12-16 21:00:00,2.777225556,2.4638345
2014-12-16 22:00:00,3.1075983330000003,2.4844086
2014-12-16 23:00:00,2.687511111,2.6068296
2014-12-17 00:00:00,1.374363334,2.4155672
2014-12-17 01:00:00,1.363633889,1.6075474
2014-12-17 02:00:00,1.387621666,1.516243
2014-12-17 03:00:00,1.4794988889999998,1.5462972
2014-12-17 04:00:00,1.479795556,1.6126544
2014-12-17 05:00:00,1.766805,1.6274797
2014-12-17 06:00:00,2.257573334,1.8337567
2014-12-17 07:00:00,1.845631111,2.1242788
2014-12-17 08:00:00,2.714333334,1.7745053
2014-12-17 09:00:00,1.197963889,2.2840939
2014-12-17 10:00:00,0.582341667,1.4444071
2014-12-17 11:00:00,1.134296111,0.9314791
2014-12-17 12:00:00,0.8895616670000001,1.2589688
2014-12-17 13:00:00,2.413820555,1.1568581
2014-12-17 14:00:00,3.630266111,2.1488478
2014-12-17 15:00:00,3.759942222,3.0642874
2014-12-17 16:00:00,2.6254261110000003,3.2301736
2014-12-17 17:00:00,3.600789444,2.5290432
2014-12-17 18:00:00,2.946999445,3.1393127
2014-12-17 19:00:00,3.155416667,2.8002858
2014-12-17 20:00:00,3.422415555,2.8737977
2014-12-17 21:00:00,2.780421111,3.0509822
2014-12-17 22:00:00,2.629866667,2.617155
2014-12-17 23:00:00,1.847999445,2.4167397
2014-12-18 00:00:00,2.9180127770000004,1.8956149
2014-12-18 01:00:00,2.158318888,2.5063097
2014-12-18 02:00:00,1.547848333,2.1408887
2014-12-18 03:00:00,1.535121667,1.7209977
2014-12-18 04:00:00,1.781443333,1.6906257
2014-12-18 05:00:00,1.520766666,1.8739029
2014-12-18 06:00:00,2.288821111,1.7235795
2014-12-18 07:00:00,3.775521666,2.2054794
2014-12-18 08:00:00,2.332689445,3.2234473
2014-12-18 09:00:00,0.911066666,2.3467462
2014-12-18 10:00:00,1.545137778,1.3452259
2014-12-18 11:00:00,1.434642222,1.7483088
2014-12-18 12:00:00,1.481345,1.7839258
2014-12-18 13:00:00,1.956787222,1.8414263
2014-12-18 14:00:00,1.221662778,2.2197967
2014-12-18 15:00:00,1.17613,1.6561594
2014-12-18 16:00:00,2.574921667,1.5182719
2014-12-18 17:00:00,2.9061250000000003,2.5718064
2014-12-18 18:00:00,2.4641855560000003,2.8129525
2014-12-18 19:00:00,2.484902222,2.4686093
2014-12-18 20:00:00,2.626677778,2.4320233
2014-12-18 21:00:00,3.3403244450000003,2.4838638
2014-12-18 22:00:00,2.244878334,2.9190695
2014-12-18 23:00:00,2.150963333,2.2349672
2014-12-19 00:00:00,1.646493333,2.1153047
2014-12-19 01:00:00,1.4298688890000002,1.7530723
2014-12-19 02:00:00,1.569995,1.563868
2014-12-19 03:00:00,1.789933889,1.6553166
2014-12-19 04:00:00,1.568729445,1.8286593
2014-12-19 05:00:00,2.032383333,1.7030439
2014-12-19 06:00:00,2.355880555,2.011913
2014-12-19 07:00:00,3.017455,2.2438447
2014-12-19 08:00:00,2.268632778,2.5436742
2014-12-19 09:00:00,0.72099,2.1092079
2014-12-19 10:00:00,1.406615555,1.1286166
2014-12-19 11:00:00,1.307718889,1.4596227
2014-12-19 12:00:00,1.308005,1.4763596
2014-12-19 13:00:00,1.345981111,1.4798743
2014-12-19 14:00:00,1.422415,1.5097097
2014-12-19 15:00:00,2.352045556,1.5936273
2014-12-19 16:00:00,3.215338889,2.2839706
2014-12-19 17:00:00,4.24051,2.9123018
2014-12-19 18:00:00,3.439377222,3.5604355
2014-12-19 19:00:00,2.810165,3.075696
2014-12-19 20:00:00,2.555042777,2.6388104
2014-12-19 21:00:00,2.855276667,2.4480476
2014-12-19 22:00:00,1.409899444,2.554336
2014-12-19 23:00:00,1.451606667,1.6530296
2014-12-20 00:00:00,1.911229444,1.5498719
2014-12-20 01:00:00,1.692095,1.8546946
2014-12-20 02:00:00,1.774322222,1.7653548
2014-12-20 03:00:00,1.741373333,1.8199389
2014-12-20 04:00:00,1.630626667,1.8164761
2014-12-20 05:00:00,1.916446667,1.7539248
2014-12-20 06:00:00,1.750033889,1.9342347
2014-12-20 07:00:00,2.634343333,1.8259203
2014-12-20 08:00:00,2.589526111,2.3198647
2014-12-20 09:00:00,3.339991111,2.3315074
2014-12-20 10:00:00,3.515444444,2.8633814
2014-12-20 11:00:00,1.785121111,3.0745668
2014-12-20 12:00:00,1.501303333,2.019153
2014-12-20 13:00:00,2.081571667,1.7544622
2014-12-20 14:00:00,3.319124445,2.2202225
2014-12-20 15:00:00,3.445188333,3.1850924
2014-12-20 16:00:00,3.373433334,3.3155646
2014-12-20 17:00:00,3.23559,3.2092597
2014-12-20 18:00:00,3.128956111,3.0197904
2014-12-20 19:00:00,3.635797222,2.8876097
2014-12-20 20:00:00,3.667012778,3.1650596
2014-12-20 21:00:00,2.779699444,3.178101
2014-12-20 22:00:00,1.5318027769999998,2.6122837
2014-12-20 23:00:00,0.960406111,1.8142772
2014-12-21 00:00:00,1.287976111,1.3555837
2014-12-21 01:00:00,1.241870555,1.5261133
2014-12-21 02:00:00,1.473710556,1.5297313
2014-12-21 03:00:00,1.605708889,1.6927829
2014-12-21 04:00:00,1.689011667,1.8214763
2014-12-21 05:00:00,1.510948334,1.9112787
2014-12-21 06:00:00,1.4930750000000002,1.805519
2014-12-21 07:00:00,2.518971667,1.7983159
2014-12-21 08:00:00,2.118318889,2.5448534
2014-12-21 09:00:00,2.128435,2.3143437
2014-12-21 10:00:00,2.529015,2.248135
2014-12-21 11:00:00,3.992453889,2.5127923
2014-12-21 12:00:00,2.822497778,3.5929523
2014-12-21 13:00:00,2.979937778,2.902664
2014-12-21 14:00:00,2.54742,2.9847395
2014-12-21 15:00:00,3.362702777,2.7161365
2014-12-21 16:00:00,3.563441667,3.2379804
2014-12-21 17:00:00,1.121671667,3.3797274
2014-12-21 18:00:00,1.112887778,1.6513298
2014-12-21 19:00:00,2.517270556,1.4303
2014-12-21 20:00:00,3.130259445,2.3277745
2014-12-21 21:00:00,3.068798333,2.6612644
2014-12-21 22:00:00,2.534788333,2.5884285
2014-12-21 23:00:00,0.845767222,2.2994168
2014-12-22 00:00:00,1.166688889,1.2687632
2014-12-22 01:00:00,1.379519445,1.3431269
2014-12-22 02:00:00,1.421426666,1.5351766
2014-12-22 03:00:00,1.589385556,1.5966954
2014-12-22 04:00:00,1.2989372220000002,1.7340866
2014-12-22 05:00:00,1.7799461120000002,1.5656246
2014-12-22 06:00:00,2.270768889,1.9055585
2014-12-22 07:00:00,3.417676111,2.3278487
2014-12-22 08:00:00,2.212682222,3.1443434
2014-12-22 09:00:00,0.932413889,2.3777583
2014-12-22 10:00:00,1.406563334,1.3860214
2014-12-22 11:00:00,2.191057223,1.6789739
2014-12-22 12:00:00,1.848988333,2.266597
2014-12-22 13:00:00,1.897613333,2.0427282
2014-12-22 14:00:00,2.8325138890000003,2.0087733
2014-12-22 15:00:00,2.6755750000000003,2.64829
2014-12-22 16:00:00,2.427274445,2.5128884
2014-12-22 17:00:00,3.009709444,2.2577991
2014-12-22 18:00:00,2.396132778,2.6722474
2014-12-22 19:00:00,2.063708889,2.362485
2014-12-22 20:00:00,3.0602944450000003,2.0841615
2014-12-22 21:00:00,2.779962222,2.644787
2014-12-22 22:00:00,1.326136111,2.4423642
2014-12-22 23:00:00,1.60129,1.5196197
2014-12-23 00:00:00,1.783838889,1.6039128
2014-12-23 01:00:00,1.126595,1.7666706
2014-12-23 02:00:00,1.284982778,1.3724169
2014-12-23 03:00:00,1.448533889,1.4400264
2014-12-23 04:00:00,1.434533888,1.5815312
2014-12-23 05:00:00,1.606253333,1.6075816
2014-12-23 06:00:00,2.205593889,1.7307267
2014-12-23 07:00:00,3.343895556,2.1407497
2014-12-23 08:00:00,1.370796667,2.8171086
2014-12-23 09:00:00,0.897752777,1.6219249
2014-12-23 10:00:00,2.49645,1.1919367
2014-12-23 11:00:00,2.260574445,2.3026803
2014-12-23 12:00:00,1.951596667,2.2561755
2014-12-23 13:00:00,2.100213333,2.031614
2014-12-23 14:00:00,2.528601667,2.145163
2014-12-23 15:00:00,2.671227222,2.4252086
2014-12-23 16:00:00,1.769125555,2.5191877
2014-12-23 17:00:00,2.335676111,1.9115883
2014-12-23 18:00:00,2.379403333,2.1944227
2014-12-23 19:00:00,1.721935,2.250813
2014-12-23 20:00:00,1.649511112,1.8115512
2014-12-23 21:00:00,2.313823334,1.6581504
2014-12-23 22:00:00,2.970186667,2.0165298
2014-12-23 23:00:00,2.125451111,2.4756563
2014-12-24 00:00:00,1.217805556,2.0201018
2014-12-24 01:00:00,1.269700556,1.4111042
2014-12-24 02:00:00,1.328322778,1.3926983
2014-12-24 03:00:00,1.51711,1.4567431
2014-12-24 04:00:00,1.41957,1.605715
2014-12-24 05:00:00,1.49331,1.5767035
2014-12-24 06:00:00,2.038127777,1.6283107
2014-12-24 07:00:00,1.413522778,1.9910343
2014-12-24 08:00:00,2.069252778,1.5487008
2014-12-24 09:00:00,1.102475,1.9512421
2014-12-24 10:00:00,1.391172778,1.393429
2014-12-24 11:00:00,3.945841111,1.501068
2014-12-24 12:00:00,2.018268333,3.2094378
2014-12-24 13:00:00,1.76145,2.0991626
2014-12-24 14:00:00,4.199690556,1.8030771
2014-12-24 15:00:00,5.376435,3.3555539
2014-12-24 16:00:00,3.943236667,4.0784464
2014-12-24 17:00:00,7.269410556,3.3294988
2014-12-24 18:00:00,6.807122222,5.104729
2014-12-24 19:00:00,3.9969,5.018745
2014-12-24 20:00:00,1.906012222,3.6283274
2014-12-24 21:00:00,1.825701111,2.340197
2014-12-24 22:00:00,1.344711667,2.1453075
2014-12-24 23:00:00,2.104821112,1.7489176
2014-12-25 00:00:00,1.498099444,2.1544075
2014-12-25 01:00:00,1.580655555,1.8273973
2014-12-25 02:00:00,1.153303333,1.8300284
2014-12-25 03:00:00,1.311877222,1.5612634
2014-12-25 04:00:00,1.025705,1.6368226
2014-12-25 05:00:00,1.281902222,1.4698358
2014-12-25 06:00:00,1.935952222,1.6425991
2014-12-25 07:00:00,1.272817223,2.1519115
2014-12-25 08:00:00,0.958457223,1.7424761
2014-12-25 09:00:00,0.864941111,1.4547749
2014-12-25 10:00:00,2.199834444,1.4107262
2014-12-25 11:00:00,1.197542778,2.5257308
2014-12-25 12:00:00,1.748339444,1.7954873
2014-12-25 13:00:00,1.048525555,2.1501336
2014-12-25 14:00:00,0.604781111,1.7012354
2014-12-25 15:00:00,0.501085555,1.2100147
2014-12-25 16:00:00,1.110391111,1.0723851
2014-12-25 17:00:00,1.985551111,1.596206
2014-12-25 18:00:00,2.215643888,2.1777806
2014-12-25 19:00:00,2.53415,2.043669
2014-12-25 20:00:00,2.974747778,2.0995538
2014-12-25 21:00:00,3.17763,2.3602374
2014-12-25 22:00:00,3.406994445,2.4916272
2014-12-25 23:00:00,2.003803889,2.6562874
2014-12-26 00:00:00,1.157501666,1.8766521
2014-12-26 01:00:00,1.448596667,1.2964785
2014-12-26 02:00:00,1.663245556,1.3730782
2014-12-26 03:00:00,1.778423333,1.519652
2014-12-26 04:00:00,1.397608334,1.6109688
2014-12-26 05:00:00,1.342461667,1.4159315
2014-12-26 06:00:00,2.725536667,1.3572545
2014-12-26 07:00:00,2.816389444,2.142111
2014-12-26 08:00:00,1.4569405560000002,2.3070488
2014-12-26 09:00:00,0.669523334,1.5596639
2014-12-26 10:00:00,1.4353372219999998,0.99177676
2014-12-26 11:00:00,0.313477777,1.379551
2014-12-26 12:00:00,0.250605556,0.7392432
2014-12-26 13:00:00,0.325127777,0.5818547
2014-12-26 14:00:00,2.102916667,0.6306696
2014-12-26 15:00:00,1.925292222,1.8552904
2014-12-26 16:00:00,1.950956111,1.9401655
2014-12-26 17:00:00,2.280149444,1.9736044
2014-12-26 18:00:00,3.761593333,2.2262504
2014-12-26 19:00:00,2.565446111,3.2509809
2014-12-26 20:00:00,1.592883889,2.4962866
2014-12-26 21:00:00,1.866687778,1.7383454
2014-12-26 22:00:00,1.028846111,1.81609
2014-12-26 23:00:00,2.259525555,1.2285448
2014-12-27 00:00:00,2.078834444,1.8925911
2014-12-27 01:00:00,1.450797777,1.9040269
2014-12-27 02:00:00,1.653701667,1.5194288
2014-12-27 03:00:00,1.4482716670000002,1.6077582
2014-12-27 04:00:00,1.607792777,1.4969387
2014-12-27 05:00:00,1.574743333,1.5934328
2014-12-27 06:00:00,1.528607222,1.5965747
2014-12-27 07:00:00,2.066404445,1.5106977
2014-12-27 08:00:00,3.146035556,1.7644434
2014-12-27 09:00:00,1.804990556,2.4151845
2014-12-27 10:00:00,0.787267778,1.7676176
2014-12-27 11:00:00,0.22028,1.067797
2014-12-27 12:00:00,2.030652777,0.62715596
2014-12-27 13:00:00,1.087208333,1.8016392
2014-12-27 14:00:00,2.77973,1.3781129
2014-12-27 15:00:00,2.307136667,2.4358063
2014-12-27 16:00:00,2.39383,2.2434855
2014-12-27 17:00:00,2.175097778,2.2621946
2014-12-27 18:00:00,2.538711112,2.1215029
2014-12-27 19:00:00,3.99855,2.2297523
2014-12-27 20:00:00,4.629986111,3.068962
2014-12-27 21:00:00,3.490397778,3.5114949
2014-12-27 22:00:00,3.4864866670000003,2.9321828
2014-12-27 23:00:00,1.8078,2.962809
2014-12-28 00:00:00,1.583545,1.9597442
2014-12-28 01:00:00,1.559427778,1.6870226
2014-12-28 02:00:00,1.283066667,1.6603035
2014-12-28 03:00:00,1.485036111,1.4800557
2014-12-28 04:00:00,1.321182778,1.6032461
2014-12-28 05:00:00,1.425952222,1.5246476
2014-12-28 06:00:00,1.279352222,1.5901244
2014-12-28 07:00:00,1.804338889,1.509547
2014-12-28 08:00:00,1.788222222,1.8425828
2014-12-28 09:00:00,3.90499,1.8160547
2014-12-28 10:00:00,2.975641666,3.1434405
2014-12-28 11:00:00,4.070052778,2.747636
2014-12-28 12:00:00,4.514541111,3.5067368
2014-12-28 13:00:00,4.833205,3.9276965
2014-12-28 14:00:00,3.183387778,4.264969
2014-12-28 15:00:00,3.111054445,3.237802
2014-12-28 16:00:00,2.738040556,3.173338
2014-12-28 17:00:00,2.773792778,2.9707594
2014-12-28 18:00:00,2.7765927780000004,2.978553
2014-12-28 19:00:00,2.275993334,2.9941797
2014-12-28 20:00:00,4.729428333,2.5508084
2014-12-28 21:00:00,4.068688889000001,3.9823208
2014-12-28 22:00:00,4.135541111,3.5682588
2014-12-28 23:00:00,1.712299444,3.4934728
2014-12-29 00:00:00,1.509345556,2.0870378
2014-12-29 01:00:00,2.162718889,1.8011392
2014-12-29 02:00:00,1.495035556,2.249563
2014-12-29 03:00:00,1.708237778,1.8627008
2014-12-29 04:00:00,1.835407222,1.9662713
2014-12-29 05:00:00,1.585437222,2.1184957
2014-12-29 06:00:00,1.899218889,1.9757619
2014-12-29 07:00:00,4.211672223,2.2287023
2014-12-29 08:00:00,1.912551667,3.9910293
2014-12-29 09:00:00,0.6652816669999999,2.463537
2014-12-29 10:00:00,0.827002778,1.2891881
2014-12-29 11:00:00,0.927056667,1.3962777
2014-12-29 12:00:00,1.441892777,1.4966065
2014-12-29 13:00:00,1.647913333,1.8528218
2014-12-29 14:00:00,2.218623889,1.9699899
2014-12-29 15:00:00,1.767627778,2.3738348
2014-12-29 16:00:00,2.705397222,2.0491056
2014-12-29 17:00:00,5.318657778,2.7032065
2014-12-29 18:00:00,6.2767594440000005,4.593352
2014-12-29 19:00:00,4.002496111,5.2147827
2014-12-29 20:00:00,3.813762222,3.8313737
2014-12-29 21:00:00,3.937842222,3.562463
2014-12-29 22:00:00,4.338997222,3.547343
2014-12-29 23:00:00,2.312516667,3.652865
2014-12-30 00:00:00,1.827115,2.4891322
2014-12-30 01:00:00,1.904801111,2.0740411
2014-12-30 02:00:00,2.114478889,2.0932915
2014-12-30 03:00:00,1.973771666,2.241759
2014-12-30 04:00:00,2.100893889,2.162652
2014-12-30 05:00:00,2.433447222,2.235574
2014-12-30 06:00:00,2.855157222,2.4806745
2014-12-30 07:00:00,3.611185,2.789004
2014-12-30 08:00:00,1.678672222,3.1713188
2014-12-30 09:00:00,1.1291427779999998,1.9945071
2014-12-30 10:00:00,1.285809444,1.5285556
2014-12-30 11:00:00,1.368780556,1.6676192
2014-12-30 12:00:00,0.7232427779999999,1.7943603
2014-12-30 13:00:00,0.616826111,1.3343272
2014-12-30 14:00:00,1.002355555,1.2085922
2014-12-30 15:00:00,1.244621112,1.5377612
2014-12-30 16:00:00,2.157886666,1.788364
2014-12-30 17:00:00,3.3977316670000004,2.5462756
2014-12-30 18:00:00,3.062075556,3.4973578
2014-12-30 19:00:00,2.544231666,3.1064656
2014-12-30 20:00:00,3.551013889,2.6382632
2014-12-30 21:00:00,3.066881667,3.2969913
2014-12-30 22:00:00,3.853665555,2.9263198
2014-12-30 23:00:00,3.426633888,3.246963
2014-12-31 00:00:00,2.271591667,3.032613
2014-12-31 01:00:00,2.640871667,2.3121557
2014-12-31 02:00:00,2.174175555,2.5185003
2014-12-31 03:00:00,2.068338334,2.2572794
2014-12-31 04:00:00,2.101414444,2.151934
2014-12-31 05:00:00,2.720071111,2.1653538
2014-12-31 06:00:00,2.801397222,2.542914
2014-12-31 07:00:00,2.433865,2.5675704
2014-12-31 08:00:00,1.834233889,2.2400918
2014-12-31 09:00:00,1.863851111,1.8640568
2014-12-31 10:00:00,1.7760905560000002,1.8677324
2014-12-31 11:00:00,1.183076666,1.8373401
2014-12-31 12:00:00,1.202509444,1.4580445
2014-12-31 13:00:00,0.277440555,1.4582932
2014-12-31 14:00:00,1.038367222,0.8459664
2014-12-31 15:00:00,0.8216688889999999,1.3490154
2014-12-31 16:00:00,1.5296511119999998,1.3006963
2014-12-31 17:00:00,3.389460556,1.8188944
2014-12-31 18:00:00,3.587626111,3.215373
2014-12-31 19:00:00,2.827217778,3.380369
2014-12-31 20:00:00,2.742687222,2.836219
2014-12-31 21:00:00,2.340253889,2.7291162
2014-12-31 22:00:00,1.755305,2.4458966
2014-12-31 23:00:00,1.995541667,1.9477304
